,restaurante,nota,numero_de_avaliacoes,tipo,cozinha,custo_para_dois,endereco
0,A Figueira Rubaiyat ,4.4,(51 Opiniões),Refeições de luxo,"Churrasco, Grelhados, Brasileira",R$ 300," Rua Haddock Lobo, 1738, Cerqueira César, Jardim Paulista, São Paulo 10000"
1,Più ,3.9,(4 Opiniões),Refeições casuais,Italiana,R$ 200," Rua Ferreira de Araújo, 314, Pinheiros, São Paulo"
2,Maní ,3.9,(34 Opiniões),Refeições de luxo,"Autor, Fusão, Brasileira",R$ 300," Rua Joaquim Antunes, 210, Pinheiros, São Paulo"
3,Arturito ,3.9,(35 Opiniões),Refeições de luxo,Mediterrânica,R$ 360," Rua Artur Azevedo, 542, Pinheiros, São Paulo"
4,Le Jazz ,3.9,(35 Opiniões),Refeições casuais,Francesa,R$ 120," Rua dos Pinheiros, 254, Pinheiros, São Paulo"
5,Suri ,3.9,(20 Opiniões),Refeições casuais,"Peruana, Sul Americana",R$ 120," Rua Mateus Grou, 488, Pinheiros, São Paulo 05415-040"
6,Consulado Mineiro ,3.9,(24 Opiniões),Refeições casuais,"Mineira, Brasileira",R$ 130," Praça Benedito Calixto, 74, Pinheiros, São Paulo"
7,Casa 92 ,3.9,(8 Opiniões),Lounge,Comida de bar,R$ 100," Rua Cristóvão Gonçalves, 92, Pinheiros, São Paulo"
8,Vinil Burger ,3.9,(14 Opiniões),Refeições rápidas,Hamburgueria,R$ 50," Rua Padre Carvalho, 18, Pinheiros, São Paulo"
9,Z Deli ,3.9,(15 Opiniões),Refeições casuais,"Brasileira, Delicatessen",R$ 100," Alameda Gabriel Monteiro da Silva, 1350, Jardim América, Pinheiros, São Paulo"
10,Frida e Mina ,3.9,(14 Opiniões),Sobremesas,Sobremesa,R$ 35," Rua Artur de Azevedo, 1147, Pinheiros, São Paulo 10000"
11,Maria Escaleira ,3.9,(13 Opiniões),Refeições casuais,Europeia,R$ 80," Rua Mourato Coelho, 53, Pinheiros, São Paulo"
12,Tuju ,3.9,(4 Opiniões),Refeições de luxo,"Autor, Contemporânea",," Rua Fradique Coutinho, 1248, Pinheiros, São Paulo"
13,Nou ,3.9,(9 Opiniões),Refeições casuais,Internacional,R$ 150," Rua Ferreira de Araujo, 419, Pinheiros, São Paulo"
14,Finnegan's Pub ,3.9,(12 Opiniões),Pub,"Irlandesa, Comida de bar",R$ 120," Rua Cristiano Viana, 358, Pinheiros, São Paulo"
15,Partisans ,3.9,(7 Opiniões),Pub,"Hamburgueria, Comida de bar, Bebidas",R$ 85," Rua Cônego Eugênio Leite, 944, Pinheiros, São Paulo"
16,Bráz ,3.9,(13 Opiniões),Refeições casuais,"Italiana, Pizza",R$ 100," Rua Vupabussu, 271, Pinheiros, São Paulo"
17,Maria Brigadeiro ,3.9,(6 Opiniões),Sobremesas,Sobremesa,R$ 20," Rua Capo Valente, 68, Pinheiros, São Paulo"
18,Rodeio ,3.9,(7 Opiniões),Refeições de luxo,"Churrasco, Bifes",R$ 300," Shopping Iguatemi - Piso 1, Avenida Brigadeiro Faria Lima, 2237, Jardim Paulistano, Pinheiros, São Paulo 10000"
19,Jazz nos Fundos ,3.9,(5 Opiniões),Bar,Só bebidas,R$ 130," Rua João Moura, 1076, Pinheiros, São Paulo"
20,Mussashino ,3.9,(4 Opiniões),Refeições casuais,"Sushi, Japonesa",R$ 110," Rua Padre Carvalho, 753, Pinheiros, São Paulo"
21,Z Deli Sandwich Shop ,3.9,(35 Opiniões),Refeições casuais,"Hamburgueria, Sandwich",R$ 50," Rua Haddock Lobo, 1386, Cerqueira César, Jardim Paulista, São Paulo 01414002"
22,D.O.M. ,3.9,(27 Opiniões),Refeições de luxo,"Contemporânea, Brasileira",R$ 600," Rua Barão de Capanema, 549, Cerqueira César, Jardim Paulista, São Paulo"
23,Jam ,3.9,(11 Opiniões),Refeições de luxo,"Sushi, Japonesa",R$ 300," Rua Bela Cintra, 1929, Jardim Paulista, São Paulo 10000"
24,Fasano - Hotel Fasano ,3.9,(12 Opiniões),Refeições de luxo,Internacional,R$ 500," Hotel Fasano, Rua Vittorio Fasano, 88, Jardim Paulista, São Paulo 10000"
25,Barbacoa Churrascaria ,3.9,(16 Opiniões),Refeições de luxo,Churrasco,R$ 250," Rua Doutor Renato Paes de Barros, 65, Itaim Bibi, São Paulo"
26,Coffee Lab ,3.9,(35 Opiniões),Café,Pastelaria,R$ 40," Rua Fradique Coutinho, 1340, Vila Madalena, São Paulo"
27,Butcher's Market ,3.9,(40 Opiniões),Refeições casuais,Americana,R$ 120," Rua Bandeira Paulista, 164, Itaim Bibi, São Paulo"
28,Mori Otha Sushi ,3.9,(33 Opiniões),Refeições casuais,"Sushi, Japonesa",R$ 200," Rua da Consolação, 3610, Jardim Paulista, São Paulo"
29,Tordesilhas ,3.9,(19 Opiniões),Refeições casuais,Brasileira,R$ 190," Alameda Tietê, 489, Cerqueira César, Jardim Paulista, São Paulo"
30,Ohka ,3.9,(9 Opiniões),Refeições casuais,Japonesa,R$ 180," Rua Professor Carlos de Carvalho, 105, Itaim Bibi, São Paulo"
31,Nakka ,3.9,(18 Opiniões),Refeições casuais,"Japonesa, Sushi",R$ 150," Rua Pedroso Alvarenga, 890, Itaim Bibi, São Paulo"
32,Ritz ,3.9,(21 Opiniões),Refeições casuais,"Americana, Mediterrânica, Contemporânea, Hamburgueria",R$ 130," Rua Jerônimo da Veiga, 141, Itaim Bibi, São Paulo"
33,Osaka ,3.9,(16 Opiniões),Refeições de luxo,"Japonesa, Peruana, Fusão, Sushi",R$ 250," Rua Amauri, 234, Itaim Bibi, São Paulo"
34,RUAA ,3.9,(11 Opiniões),Refeições casuais,Internacional,R$ 100," Rua Mourato Coelho, 1168, Vila Madalena, São Paulo"
35,Vento Haragano ,3.9,(18 Opiniões),Refeições de luxo,"Bifes, Churrasco",R$ 250," Avenida Rebouças, 1001, Jardim Paulista, São Paulo"
36,Due Cuochi ,3.9,(13 Opiniões),Refeições de luxo,Italiana,R$ 250," Rua Manuel Guedes, 93, Itaim Bibi, São Paulo"
37,La Mar ,3.9,(14 Opiniões),Refeições casuais,Peruana,R$ 200," Rua Tabapuã , 1410, Itaim Bibi, São Paulo"
38,Serafina ,3.9,(12 Opiniões),Refeições casuais,Italiana,R$ 150," Rua Pedroso Alvarenga, 1051, Itaim Bibi, São Paulo"
39,Corrientes 348 ,3.9,(12 Opiniões),Refeições casuais,"Argentina, Churrasco, Bifes",R$ 160," Rua Comendador Miguel Calfat, 348, Itaim Bibi, São Paulo"
40,Fresto ,3.9,(12 Opiniões),Refeições casuais,"Gourmet fast food, Hamburgueria",R$ 80," Rua Iguatemi, 512, Itaim Bibi, São Paulo"
41,Jun Sakamoto ,3.9,(9 Opiniões),Refeições de luxo,"Sushi, Japonesa",R$ 500," Rua Lisboa, 55, Cerqueira César, Jardim Paulista, São Paulo"
42,Bullguer ,3.9,(6 Opiniões),Refeições casuais,Hamburgueria,R$ 50," Rua Fradique Coutinho, 1136, Vila Madalena, São Paulo"
43,Astor ,3.9,(9 Opiniões),Bar,"Brasileira, Comida de bar",R$ 100," Rua Delfina, 164, Vila Madalena, São Paulo"
44,Chez Oscar ,3.9,(5 Opiniões),Refeições casuais,Contemporânea,R$ 180," Rua Oscar Freie, 1128, Cerqueira César, Jardim Paulista, São Paulo"
45,Saj ,3.9,(11 Opiniões),Refeições casuais,Libanesa,R$ 120," Rua Joaquim Antunes, 260, Jardim Paulista, São Paulo"
46,Chef Rouge ,3.9,(8 Opiniões),Refeições de luxo,Francesa,R$ 220," Rua Bela Cintra, 2238, Cerqueira César, Jardim Paulista, São Paulo 10000"
47,Frevo ,3.9,(12 Opiniões),Refeições casuais,Brasileira,R$ 80," Rua Oscar Freire, 603, Jardim Paulista, São Paulo"
48,Geiko-San ,3.9,(4 Opiniões),Refeições casuais,"Japonesa, Italiana, Sushi",R$ 200," Rua Haddock Lobo, 1416, Cerqueira César, Jardim Paulista, São Paulo"
49,Dhaigo ,3.9,(5 Opiniões),Refeições casuais,"Sushi, Japonesa",R$ 140," Rua Araçari, 178-A, Itaim Bibi, São Paulo"
50,Vito ,3.9,(4 Opiniões),Refeições casuais,Italiana,R$ 150," Rua Isabel de Castela, 529, Vila Beatriz, Alto de Pinheiros, São Paulo"
51,Sallvattore ,3.9,(5 Opiniões),Refeições casuais,"Italiana, Contemporânea",R$ 160," Rua Salvador Cardoso, 131, Itaim Bibi, São Paulo"
52,Balcão ,3.9,(4 Opiniões),Bar,"Brasileira, Comida de bar",R$ 80," Rua Doutor Melo Alves, 150, Cerqueira César, Jardim Paulista, São Paulo"
53,Morrison Rock Bar ,3.9,(4 Opiniões),Club,Só bebidas,R$ 60," Rua Inácio Pereira da Rocha, 362, Vila Madalena, São Paulo"
54,Yashiro ,3.8,(22 Opiniões),Refeições casuais,Asiática,R$ 150," Rua Fernão Dias, 525, Pinheiros, São Paulo"
55,L'entrecôte d'Olivier ,3.8,(10 Opiniões),Refeições casuais,Francesa,R$ 150," Rua Doutor Mário Ferraz, 17, Jardim Europa, Pinheiros, São Paulo 10000"
56,Meat Chopper ,3.8,(10 Opiniões),Refeições casuais,"Americana, Fast food",R$ 110," Rua dos Pinheiros, 507, Pinheiros, São Paulo"
57,Underdog ,3.8,(5 Opiniões),Bar,"Churrasco, Hamburgueria, Argentina",R$ 60," Rua João Moura, 541, Pinheiros, São Paulo"
58,bar. ,3.8,(5 Opiniões),Bar,"Brasileira, Hamburgueria, Comida de bar, Bebidas",R$ 300," Rua Joaquim Antunes, 248, Pinheiros, São Paulo"
59,Aya ,3.8,(6 Opiniões),Refeições de luxo,"Sushi, Japonesa",R$ 260," Avenida Pedroso de Morais, 141, Pinheiros, São Paulo 10000"
60,Dô ,3.8,(9 Opiniões),Refeições casuais,"Sushi, Japonesa",R$ 200," Rua Padre Carvalho, 224, Pinheiros, São Paulo"
61,Mr. Cheney ,3.8,(5 Opiniões),Sobremesas,Sobremesa,R$ 15," Shopping Eldorado - 1° Subsolo, Av. Rebouças, 3970, Pinheiros, São Paulo"
62,A Quinta do Marquês ,3.8,(7 Opiniões),Refeições casuais,"Brasileira, Pizza",R$ 100," Avenida Brigadeiro Faria Lima, 1853, Pinheiros, São Paulo 10000"
63,Dalva e Dito ,3.8,(29 Opiniões),Refeições casuais,Brasileira,R$ 140," Rua Padre João Manuel, 1115, Jardim Paulista, São Paulo"
64,Alto da Harmonia ,3.8,(5 Opiniões),Bar,"Brasileira, Comida de bar",R$ 90," Rua Harmonia, 271, Vila Madalena, São Paulo"
65,Obá ,3.8,(14 Opiniões),Refeições casuais,"Mexicana, Tailandesa, Brasileira",R$ 100," Rua Melo Alves, 205, Cerqueira César, Jardim Paulista, São Paulo"
66,Boteco Freguesia ,3.8,(4 Opiniões),Bar,"Comida de bar, Brasileira, Bebidas",R$ 100," Rua Harmonia, 321, Vila Madalena, São Paulo"
67,Tanger ,3.8,(5 Opiniões),Refeições casuais,"Mediterrânica, Marroquina",R$ 150," Rua Harmonia, 359, Vila Madalena, São Paula"
68,Cão Véio ,3.7,(12 Opiniões),Bar,"Internacional, Comida de bar",R$ 110," Rua João Moura, 871, Pinheiros, São Paulo"
69,Na Garagem ,3.7,(16 Opiniões),Refeições casuais,"Hamburgueria, Gourmet fast food",R$ 70," Rua Benjamim Egas, 301, Pinheiros, São Paulo"
70,Pita ,3.7,(16 Opiniões),Refeições casuais,"Árabe, Kebab, Fast food",R$ 75," Rua Francisco Leitão, 282, Pinheiros, São Paulo 10000"
71,Goa ,3.7,(9 Opiniões),Refeições casuais,"Indiana, Vegetariana",R$ 150," Rua Cônego Eugênio Leite, 1152, Pinheiros, São Paulo"
72,The Gourmet Tea ,3.7,(5 Opiniões),Café,"Chás, Pastelaria",R$ 100," Rua Doutor Mário Ferraz, 213/217, Pinheiros, São Paulo 10000"
73,Pitico ,3.7,(6 Opiniões),Bar,"Kebab, Comida saudável, Bebidas",R$ 50," Rua Guaicui, 61, Largo da Batata, Pinheiros, São Paulo"
74,No Name Boteco ,3.7,(7 Opiniões),Refeições casuais,"Brasileira, Americana, Marisqueira",R$ 100," Rua dos Pinheiros, 585, Pinheiros, São Paulo"
75,Vinheria Percussi ,3.7,(5 Opiniões),Refeições casuais,Italiana,R$ 200," Rua Cônego Eugênio Leite, 523, Pinheiros, São Paulo 05414-010"
76,Confeitaria Dama ,3.7,(5 Opiniões),Sobremesas,Sobremesa,R$ 40," Rua Ferreira de Araújo, 376, Pinheiros, São Paulo"
77,Caverna Bugre ,3.7,(5 Opiniões),Refeições casuais,Europeia,R$ 180," Rua Teodoro Sampaio, 334, Pinheiros, São Paulo"
78,Ritz ,3.7,(4 Opiniões),Refeições casuais,"Americana, Contemporânea",R$ 130," Shopping Iguatemi - Piso 1, Avenida Brigadeiro Faria Lima, 2232, Jardim Paulistano, Pinheiros, São Paulo 10000"
79,La Tambouille ,3.7,(5 Opiniões),Refeições de luxo,"Francesa, Italiana, Brasileira",R$ 300," Avenida Nove de Julho, 5925, Itaim Bibi, São Paulo"
80,Mr. Baker ,3.7,(16 Opiniões),Refeições rápidas,"Padaria, Brasileira",R$ 50," Rua Pedroso Alvarenga, 655, Itaim Bibi, São Paulo"
81,Santo Grão ,3.7,(15 Opiniões),Refeições casuais,"Pastelaria, Brasileira",R$ 80," Rua Jerônimo da Veiga, 179, Itaim Bibi, São Paulo"
82,Lá da Venda ,3.7,(13 Opiniões),Refeições rápidas,"Pastelaria, Brasileira",R$ 55," Rua Harmonia, 161, Vila Madalena, São Paulo 05435000"
83,Leckerhaus ,3.7,(8 Opiniões),Café,"Alemã, Sobremesa, Pastelaria",R$ 60," Rua Doutor Melo Alves, 293, Jardim Paulista, São Paulo"
84,Zucco ,3.7,(13 Opiniões),Refeições casuais,Italiana,R$ 120," Rua Haddock Lobo, 1416, Cerqueira César, Jardim Paulista, São Paulo"
85,Carlos Pizza ,3.7,(5 Opiniões),Refeições casuais,Pizza,R$ 100," Rua Harmonia, 501, Vila Madalena, São Paulo"
86,Tanuki ,3.7,(8 Opiniões),Refeições de luxo,"Sushi, Japonesa",R$ 260," Rua Jericó, 287, Vila Madalena, São Paulo"
87,Hamburguinho ,3.7,(7 Opiniões),Refeições casuais,"Fast food, Americana",R$ 70," Avenida Brigadeiro Faria Lima, 2883, Itaim Bibi, São Paulo"
88,Meats ,3.6,(65 Opiniões),Refeições casuais,"Gourmet fast food, Hamburgueria",R$ 120," Rua dos Pinheiros, 320, Pinheiros, São Paulo"
89,Julice Boulangere ,3.6,(19 Opiniões),Padaria,"Padaria, Sobremesa, Francesa",R$ 75," Rua Deputado Lacerda Franco, 536, Pinheiros, São Paulo"
90,Miya ,3.6,(5 Opiniões),Refeições casuais,"Contemporânea, Asiática",R$ 180," Rua Fradique Coutinho, 47, Pinheiros, São Paulo"
91,Don Curro ,3.6,(7 Opiniões),Refeições de luxo,Espanhola,R$ 400," Rua Alves Guimarães, 230, Pinheiros, São Paulo"
92,Taberna 474 ,3.6,(5 Opiniões),Bar,"Bebidas, Mediterrânica",R$ 140," Rua Maria Carolina, 474, Pinheiros, São Paulo"
93,Gelati Italia ,3.6,(14 Opiniões),Sobremesas,"Gelados, Pastelaria, Sobremesa",R$ 30," Rua dos Pinheiros, 275, Pinheiros, São Paulo"
94,Olea Mozzarela Bar ,3.6,(7 Opiniões),Refeições casuais,"Mediterrânica, Italiana",R$ 150," Rua Joaquim Antunes, 198, Pinheiros, São Paulo"
95,Kebab Paris ,3.6,(9 Opiniões),Refeições rápidas,Árabe,R$ 35," Rua dos Pinheiros, 169, Pinheiros, São Paulo"
96,Ofner ,3.6,(5 Opiniões),Refeições rápidas,"Pastelaria, Sobremesa",R$ 35," Avenida Pedroso de Morais, 1099, Pinheiros, São Paulo"
97,P.J. Clarke's ,3.6,(17 Opiniões),Refeições casuais,"Americana, Bifes, Hamburgueria",R$ 150," Rua Doutor Mário Ferraz, 568, Itaim Bibi, São Paulo"
98,Tavares ,3.6,(7 Opiniões),Refeições casuais,Contemporânea,R$ 90," Rua da Consolação, 3212, Jardim Paulista, São Paulo"
99,Jacarandá ,3.6,(12 Opiniões),Refeições casuais,Contemporânea,R$ 160," Rua Alves Guimarães, 153, Jardim Paulista, São Paulo"
100,TGI Fridays ,3.6,(6 Opiniões),Refeições casuais,"Hamburgueria, Comida de bar",R$ 80," Avenida Cidade Jardim, 56"
101,Karavelle ,3.6,(7 Opiniões),Pub,"Internacional, Comida de bar, Bebidas",R$ 90," Alameda Lorena, 1784, Jardim Paulista, São Paulo"
102,Che Bárbaro ,3.6,(4 Opiniões),Bar,"Argentina, Comida de bar",R$ 150," Rua Harmonia, 277, Vila Madalena, São Paulo"
103,São Cristovão ,3.6,(9 Opiniões),Bar,Brasileira,R$ 80," Rua Aspicuelta, 533, Vila Madalena, São Paulo 10000"
104,Rufino's ,3.6,(4 Opiniões),Refeições casuais,"Marisqueira, Contemporânea, Mediterrânica",R$ 150," Rua Doutor Mário Ferraz, 377, Itaim Bibi, São Paulo"
105,Red Steak & Burger ,3.6,(5 Opiniões),Refeições casuais,"Brasileira, Grelhados",R$ 75," Rua Tabapuã, 1417, Itaim Bibi, São Paulo"
106,Mercearia São Pedro ,3.6,(6 Opiniões),Refeições casuais,"Brasileira, Comida de bar",R$ 85," Rua Rodésia, 34, Vila Madalena, São Paulo"
107,La Bombe ,3.6,(5 Opiniões),Refeições rápidas,"Patisserie, Sobremesa",R$ 30," Rua Pedroso Alvarenga, 677, Itaim Bibi, São Paulo"
108,São Paulo Tap House ,3.6,(4 Opiniões),Bar,"Bebidas, Comida de bar",R$ 60," Rua Girassol, 340, Vila Madalena, São Paulo"
109,Cuordicrema ,3.6,(4 Opiniões),Sobremesas,Sobremesa,R$ 30," Rua Manuel Guedes, 349, Itaim Bibi, São Paulo"
110,Sofá Café ,3.5,(7 Opiniões),Café,Pastelaria,R$ 70," Rua Bianchi Bertoldi, 130, Pinheiros, São Paulo 10000"
111,Bra.do ,3.5,(5 Opiniões),Refeições casuais,Contemporânea,R$ 80," Rua Joaquim Antunes, 381, Pinheiros, São Paulo 10000"
112,Boca de Ouro ,3.5,(4 Opiniões),Bar,"Brasileira, Comida de bar",R$ 100," Rua Cônego Eugênio Leite, 1121, Pinheiros, São Paulo"
113,Cervejaria Nacional ,3.5,(8 Opiniões),Bar,"Brasileira, Comida de bar",R$ 120," Avenida Pedroso de Moares, 604, Pinheiros, São Paulo 10000"
114,Kaminari Sushi ,3.5,(5 Opiniões),Refeições casuais,"Sushi, Japonesa",R$ 120," Rua Amaro Cavalheiro, 25, Pinheiros, São Paulo"
115,Schnaps Haus ,3.5,(7 Opiniões),Refeições casuais,Alemã,R$ 200," Rua Diogo Moreira, 119, Pinheiros, São Paulo"
116,Nello's ,3.5,(6 Opiniões),Refeições casuais,Italiana,R$ 130," Rua Antônio Bicudo, 97, Pinheiros, São Paulo"
117,Pé de Manga ,3.5,(21 Opiniões),Refeições casuais,"Brasileira, Bebidas",R$ 100," Rua Arapiraca, 152, Vila Madalena, São Paulo"
118,Boteco São Bento ,3.5,(15 Opiniões),Refeições casuais,"Brasileira, Comida de bar",R$ 150," Rua Mourato Coelho, 1060, Vila Madalena, São Paulo 10000"
119,Nino Cucina & Vino ,3.5,(5 Opiniões),Refeições de luxo,Italiana,R$ 200," Rua Jerônimo da Veiga, 30, Jardim Europa, Itaim Bibi, São Paulo"
120,Galeria dos Pães ,3.5,(15 Opiniões),Refeições rápidas,"Padaria, Brasileira",R$ 40," Rua Estados Unidos, 1645, Jardim Paulista, São Paulo 10000"
121,Piselli ,3.5,(6 Opiniões),Refeições casuais,Italiana,R$ 200," Rua Padre João Manuel, 1253, Jardim Paulista, São Paulo"
122,Maremonti ,3.5,(11 Opiniões),Refeições casuais,"Italiana, Pizza",R$ 120," Rua Padre João Manuel, 1160, Jardim Paulista, São Paulo"
123,Vila Seu Justino ,3.5,(5 Opiniões),Bar,"Brasileira, Comida de bar",R$ 80," Rua Harmonia, 77, Vila Madalena, São Paulo"
124,Viva México ,3.5,(5 Opiniões),Refeições casuais,Mexicana,R$ 120," Rua Fradique Coutinho, 1122, Vila Madalena, São Paulo 10000"
125,Achapa ,3.5,(7 Opiniões),Refeições casuais,"Americana, Fast food",R$ 100," Rua Melo Alves, 238, Jardim Paulista, São Paulo"
126,A Tal da Pizza ,3.5,(9 Opiniões),Refeições casuais,Pizza,R$ 130," Rua Doutor Mário Ferraz, 351, Itaim Bibi, São Paulo"
127,Piola ,3.5,(4 Opiniões),Refeições casuais,"Italiana, Pizza",R$ 140," Alameda Lorena, 1765, Jardim Paulista, São Paulo"
128,Pirajá ,3.4,(29 Opiniões),Bar,"Comida de bar, Brasileira",R$ 100," Avenida Brigadeiro Faria Lima, 64, Pinheiros, São Paulo"
129,12 Burger & Bistro ,3.4,(14 Opiniões),Refeições casuais,"Contemporânea, Gourmet fast food, Hamburgueria",R$ 120," Rua Simão Alvares, 1018, Pinheiros, São Paulo 10000"
130,Padoca do Maní ,3.4,(4 Opiniões),Café,"Pastelaria, Padaria, Brasileira",R$ 60," Rua Joaquim Antunes, 138, Pinheiros, São Paulo"
131,Consulado da Bahia ,3.4,(7 Opiniões),Refeições casuais,"Brasileira, Baiana",R$ 160," Rua dos Pinheiros, 543, Pinheiros, São Paulo"
132,Casa Europa ,3.4,(6 Opiniões),Refeições casuais,"Mediterrânica, Contemporânea",R$ 200," Alameda Gabriel Monteiro da Silva, 726, Jardim América, Pinheiros, São Paulo"
133,Las Chicas ,3.4,(7 Opiniões),Refeições casuais,Contemporânea,R$ 150," Rua Oscar Freire, 1607, Pinheiros, São Paulo"
134,Outback Steakhouse ,3.4,(8 Opiniões),Refeições casuais,"Bifes, Churrasco",R$ 150," Shopping Eldorado - Piso Térreo, Avenida Rebouças, 3970, Pinheiros, São Paulo"
135,BrewDog ,3.4,(5 Opiniões),Bar,"Bebidas, Comida de bar",R$ 100," Rua dos Coropés, 41, Pinheiros, São Paulo"
136,Croasonho ,3.4,(4 Opiniões),Refeições rápidas,"Sobremesa, Fast food, Brasileira",R$ 50," Avenida Pedroso de Moraes, 927, Pinheiros, São Paulo"
137,Tigre Cego ,3.4,(8 Opiniões),Refeições rápidas,"Brasileira, Hamburgueria",R$ 50," Rua Girassol 654, Vila Madalena, São Paulo"
138,Villa Grano ,3.4,(10 Opiniões),Sobremesas,Padaria,R$ 70," Rua Wisard, 500, Vila Madalena, São Paulo"
139,Sabiá ,3.4,(9 Opiniões),Bar,"Brasileira, Comida de bar",R$ 120," Rua Purpurina, 370, Vila Madalena, São Paulo"
140,Barê ,3.4,(4 Opiniões),Bar,Contemporânea,R$ 150," Alameda Lorena, 1892, Jardim Paulista, São Paulo"
141,Oscar Bistrô Café ,3.4,(4 Opiniões),Café,Pastelaria,R$ 100," Rua Oscar Freire, 727 A, Jardim Paulista, São Paulo"
142,Savana ,3.4,(4 Opiniões),Refeições casuais,"Brasileira, Pizza, Churrasco",R$ 65," Avenida Vitla Brasil, 398, Butantã, São Paulo"
143,Senzala ,3.4,(5 Opiniões),Refeições casuais,Churrasco,R$ 180," Praça Panamericana, 41, Alto de Pinheiros, São Paulo"
144,Suco Bagaço ,3.4,(4 Opiniões),Refeições rápidas,"Sumos, Comida saudável",R$ 60," Rua Haddock Lobo, 1485, Cerqueira César, Jardim Paulista, São Paulo"
145,Cantina Gigio ,3.3,(21 Opiniões),Refeições casuais,Italiana,R$ 150," Rua dos Pinheiros, 355, Pinheiros, São Paulo"
146,Empório Alto dos Pinheiros ,3.3,(11 Opiniões),Refeições casuais,Comida de bar,R$ 100," Rua Vupabussu, 305, Pinheiros, São Paulo"
147,El Guatón ,3.3,(5 Opiniões),Refeições casuais,"Chilena, Comida de bar",R$ 80," Rua Arthur de Azevedo, 906, Pinheiros, São Paulo 10000"
148,Pizza Hut ,3.3,(4 Opiniões),Refeições casuais,"Pizza, Fast food",R$ 75," Rua dos Pinheiros, 100, Pinheiros, São Paulo"
149,Kibô Sushi ,3.3,(9 Opiniões),Refeições casuais,Japonesa,R$ 110," Rua Pedroso Alvarenga, 828, Itaim Bibi, São Paulo"
150,Arabia ,3.3,(9 Opiniões),Refeições casuais,Árabe,R$ 110," Rua Haddock Lobo, 1405, Jardim Paulista, São Paulo"
151,Vapor Burger & Beer ,3.3,(8 Opiniões),Refeições casuais,"Hamburgueria, Gourmet fast food",R$ 90," Rua Fradique Coutinho, 1464, Vila Madalena, São Paulo"
152,Sub Astor ,3.3,(9 Opiniões),Bar,"Brasileira, Comida de bar",R$ 160," Rua Delfina, 163, Vila Madalena, São Paulo"
153,Milk & Mellow Burgers ,3.3,(14 Opiniões),Refeições casuais,Americana,," Avenida Cidade Jardim, 1085, Itaim Bibi, São Paulo"
154,7 Molinos ,3.3,(10 Opiniões),Refeições casuais,"Padaria, Sobremesa, Brasileira",R$ 100," Alameda Lorena, 1914, Jardim Paulista, São Paulo"
155,Cachoeira Tropical ,3.3,(9 Opiniões),Refeições casuais,"Comida saudável, Vegetariana",R$ 50," Rua João Cachoeira, 275, Itaim Bibi, São Paulo"
156,Madeleine Jazz Bar ,3.3,(5 Opiniões),Lounge,"Brasileira, Italiana, Comida de bar",R$ 100," Rua Aspicuelta, 201, Vila Madalena, São Paulo"
157,Madureira ,3.3,(4 Opiniões),Refeições rápidas,Comida saudável,R$ 60," Rua João Cachoeira, 217, Itaim Bibi, São Paulo"
158,Octávio Café & Bistrô ,3.3,(6 Opiniões),Café,"Pastelaria, Contemporânea",R$ 90," Avenida Brigadeiro Faria Lima, 2996, Itaim Bibi, São Paulo"
159,Maha Mantra ,3.3,(4 Opiniões),Refeições casuais,Vegetariana,R$ 70," Rua Fradique Coutinho, 766, Vila Madalena, São Paulo"
160,Patriarca Costelaria & Cerveja Gelada ,3.3,(5 Opiniões),Bar,"Brasileira, Comida de bar",R$ 100," Rua Mourato Coelho, 1059, Vila Madalena, São Paulo 10000"
161,Minato Izakaya ,3.2,(11 Opiniões),Refeições casuais,Japonesa,R$ 160," Rua dos Pinheiros, 1308, Pinheiros, São Paulo"
162,Almodovar ,3.2,(4 Opiniões),Refeições casuais,Espanhola,R$ 120," Rua dos Pinheiros, 274, Pinheiros, São Paulo"
163,Dona Vitamina ,3.2,(4 Opiniões),Refeições rápidas,"Comida saudável, Sumos, Vegetariana",R$ 70," Rua Mateus Grou, 152, Pinheiros, São Paulo"
164,Si Señor ,3.2,(9 Opiniões),Refeições casuais,Mexicana,R$ 150," Rua dos Pinheiros, 661, Pinheiros, São Paulo"
165,Fração da Pizza ,3.2,(4 Opiniões),Refeições casuais,Pizza,R$ 70," Rua dos Pinheiros, 466, Pinheiros, São Paulo"
166,Cristal Pizza ,3.2,(4 Opiniões),Refeições casuais,"Pizza, Grelhados",R$ 100," Rua Professor Artur Ramos, 551, Pinheiros, São Paulo"
167,Espaço Urucum ,3.2,(4 Opiniões),Refeições casuais,Comida de bar,R$ 130," Rua Cardeal Arcoverde, 1598, Pinheiros, São Paulo"
168,I Bistrot ,3.2,(4 Opiniões),Refeições casuais,Contemporânea,R$ 130," Rua dos Pinheiros, 910, Pinheiros, São Paulo 10000"
169,A Bela Sintra ,3.2,(5 Opiniões),Refeições casuais,Portuguesa,R$ 100," Rua Bela Cintra, 2325, Jardim Paulista, São Paulo 10000"
170,Peixaria Bar e Venda ,3.2,(15 Opiniões),Refeições casuais,Marisqueira,R$ 120," Rua Inácio Pereira da Rocha, 112, Vila Madalena, São Paulo 10000"
171,Tutti Lanches ,3.2,(4 Opiniões),Refeições casuais,Brasileira,R$ 70," Avenida Nove de Julho, 4793, Itaim Bibi, São Paulo"
172,Empanadas Bar ,3.2,(8 Opiniões),Bar,"Argentina, Comida de bar",R$ 55," Rua Wisard, 489, Vila Madalena, São Paulo"
173,Bacio di Latte ,3.2,(5 Opiniões),Sobremesas,Gelados,R$ 30," Rua Harmonia, 337, Vila Madalena, São Paulo"
174,Komy's ,3.2,(6 Opiniões),Refeições casuais,"Brasileira, Internacional",R$ 75," Rua Mourato Coelho, 884, Vila Madalena, São Paulo"
175,Chou ,3.1,(12 Opiniões),Refeições casuais,"Brasileira, Italiana, Contemporânea",R$ 150," Rua Mateus Grou, 345, Pinheiros, São Paulo 10000"
176,Forquilha ,3.1,(5 Opiniões),Bar,"Italiana, Comida de bar, Bebidas",R$ 50," Rua Vupabussu, 347, Pinheiros, São Paulo"
177,Degas ,3.1,(5 Opiniões),Refeições casuais,"Italiana, Pizza",R$ 80," Rua Teodoro Sampaio, 568, Pinheiros, São Paulo"
178,Benihana ,3.1,(11 Opiniões),Refeições casuais,Japonesa,R$ 140," Rua Amauri, 517, Itaim Bibi, São Paulo"
179,Bolinha ,3.1,(16 Opiniões),Bar,"Brasileira, Comida de bar",R$ 200," Avenida Cidade Jardim, 53, Jardim Paulista, São Paulo"
180,Tian ,3.1,(14 Opiniões),Refeições casuais,"Tailandesa, Contemporânea, Asiática",R$ 90," Rua Manuel Guedes, 499, Itaim Bibi, São Paulo"
181,Carcamano ,3.1,(6 Opiniões),Refeições casuais,"Italiana, Pizza",R$ 120," Rua Pedroso Alvarenga, 1127, Itaim Bibi, São Paulo"
182,Chef Vivi ,3.1,(5 Opiniões),Refeições de luxo,Contemporânea,R$ 180," Rua Girassol, 833, Vila Madalena, São Paulo"
183,Hirá Ramen Izakaya ,3.1,(4 Opiniões),Refeições casuais,Japonesa,R$ 100," Rua Fradique Coutinho, 1240, Vila Madalena, São Paulo"
184,Lanchonete da Cidade ,3.1,(7 Opiniões),Refeições casuais,"Fast food, Americana",R$ 100," Rua Amauri, 334, Itaim Bibi, São Paulo"
185,Martín Fierro ,3.1,(4 Opiniões),Refeições casuais,Argentina,R$ 90," Rua Aspicuelta, 683, Vila Madalena, São Paulo 10000"
186,Bar da Dida ,3.1,(6 Opiniões),Bar,"Brasileira, Comida de bar",R$ 100," Rua Melo Alves, 98, Jardim Paulista, São Paulo"
187,The Orleans ,3.1,(4 Opiniões),Pub,"Brasileira, Comida de bar",R$ 140," Rua Girassol, 396, Vila Madalena, São Paulo"
188,Tartar & Co ,3.0,(7 Opiniões),Refeições casuais,"Francesa, Churrasco",R$ 180," Avenida Pedroso de Morais, 1003, Pinheiros, São Paulo"
189,Feed Food ,3.0,(5 Opiniões),Bar,"Comida de bar, Brasileira",R$ 100," Cartel 011, Rua Artur de Azevedo, 517, Pinheiros, São Paulo"
190,Pão de Ouro ,3.0,(6 Opiniões),Refeições rápidas,"Brasileira, Padaria",R$ 60," Rua Teodoro Sampaio, 567, Pinheiros, São Paulo"
191,Brasserie Des Arts ,3.0,(13 Opiniões),Refeições de luxo,Francesa,R$ 230," Rua Padre José Manuel, 1231, Jardim Paulista, São Paulo"
192,Osteria del Pettirosso ,3.0,(4 Opiniões),Refeições casuais,Italiana,R$ 150," Alameda Lorena, 2155, Cerqueira César, Jardim Paulista, São Paulo"
193,Forneria San Paolo ,3.0,(5 Opiniões),Refeições casuais,"Italiana, Pizza",R$ 200," Rua Amauri, 319, Itaim Bibi, São Paulo"
194,Venga! ,3.0,(4 Opiniões),Bar,"Tapas, Comida de bar",R$ 80," Rua Delfina, 196, Vila Madalena, São Paulo"
195,Canto Madalena ,3.0,(4 Opiniões),Bar,"Comida de bar, Brasileira",R$ 80," Rua Medeiros de Albuquerque, 471, Vila Madalena, São Paulo"
196,Bar Filial ,3.0,(5 Opiniões),Bar,"Bebidas, Comida de bar, Brasileira",R$ 80," Rua Fidalga, 254, Vila Madalena, São Paulo"
197,Alimentaria Di Sergio Arno ,3.0,(4 Opiniões),Refeições casuais,Italiana,R$ 150," Rua Pedroso Alvarenga, 500, Itaim Bibi, São Paulo"
198,Santinho ,2.9,(4 Opiniões),Refeições casuais,Brasileira,R$ 140," Museu da Casa Brasileira, Avenida Brigadeiro Faria Lima, 2705, Pinheiros, São Paulo"
199,Bar do Biu ,2.9,(5 Opiniões),Refeições casuais,Brasileira,R$ 65," Rua Cardeal Arcoverde, 776, Pinheiros, São Paulo"
200,Mercearia do Conde ,2.9,(4 Opiniões),Refeições casuais,Internacional,R$ 200," Rua Joaquim Antunes, 217, Pinheiros, São Paulo"
201,Empório São João ,2.9,(5 Opiniões),Refeições casuais,Brasileira,R$ 90," Rua dos Pinheiros, 456, Pinheiros, São João"
202,Fleming’s Prime Steakhouse & Wine Bar ,2.9,(5 Opiniões),Refeições de luxo,Bifes,R$ 350," Avenida Cidade Jardim, 318, Itaim Bibi, São Paulo"
203,Eu Tu Eles ,2.9,(11 Opiniões),Bar,"Brasileira, Comida de bar",R$ 100," Avenida Brigadeiro Faria Lima, 2902, Jardim Europa, Itaim Bibi, São Paulo"
204,L'aperô ,2.9,(4 Opiniões),Refeições casuais,"Comida de bar, Francesa",R$ 110," Rua Mourato Coelho, 1343, Vila Madalena, São Paulo"
205,Quitandinha ,2.9,(5 Opiniões),Bar,"Brasileira, Comida de bar",R$ 100," Rua Fidalga, 242, Vila Madalena, São Paulo 10000"
206,Fast Berlin ,2.8,(6 Opiniões),Refeições casuais,"Alemã, Street food, Bebidas",R$ 90," Rua Mourato Coelho, 24, Pinheiros, São Paulo"
207,The Fifties ,2.8,(5 Opiniões),Refeições casuais,"Hamburgueria, Fast food, Americana",R$ 70," Shopping Eldorado - Piso 3, Avenida Rebouças, 3970, Pinheiros, São Paulo 10000"
208,Pastel da Maria ,2.8,(4 Opiniões),Refeições rápidas,"Brasileira, Fast food",R$ 30," Rua Fradique Coutinho, 580, Pinheiros, São Paulo 10000"
209,Vaca Véia ,2.8,(8 Opiniões),Refeições casuais,Italiana,R$ 150," Rua Manuel Guedes, 199, Itaim Bibi, São Paulo"
210,Colher de Pau ,2.8,(7 Opiniões),Refeições casuais,"Brasileira, Nordestina",R$ 150," Rua Mário Ferraz, 563, Itaim Bibi, São Paulo"
211,Gràcia Bar ,2.7,(6 Opiniões),Refeições casuais,Espanhola,R$ 100," Rua Coropés, 87, Pinheiros, São Paulo"
212,Le Pain Quotidien ,2.7,(6 Opiniões),Refeições casuais,"Francesa, Padaria",R$ 90," Rua Wisard, 138, Vila Madalena, São Paulo"
213,A Esperança ,2.7,(6 Opiniões),Refeições rápidas,Pizza,R$ 60," Rua Pedroso de Alvarenga, 716, Itaim Bibi, São Paulo"
214,Jardim Aurelia ,2.7,(5 Opiniões),Refeições casuais,Brasileira,R$ 120," Rua Tabapuã, 838, Itaim Bibi, São Paulo"
215,El Kabong Grill e Bar ,2.6,(12 Opiniões),Refeições casuais,Mexicana,R$ 100," Rua Mateus Grou, 15, Pinheiros, São Paulo"
216,My Sandwich ,2.6,(4 Opiniões),Refeições rápidas,Fast food,R$ 60," Shopping Eldorado - Piso 3, Avenida Rebouças, 3970, Pinheiros, São Paulo 10000"
217,Sushibol ,2.6,(4 Opiniões),Refeições casuais,"Sushi, Japonesa",R$ 120," Rua dos Pinheiros, 1143, Pinheiros, São Paulo 10000"
218,L'amitié ,2.6,(5 Opiniões),Refeições casuais,Francesa,R$ 150," Rua Manuel Guedes, 233, Itaim Bibi, São Paulo"
219,Ora Pois! ,2.6,(5 Opiniões),Refeições casuais,Portuguesa,R$ 120," Rua Fidalga, 408, Vila Madalena, São Paulo 10000"
220,Alucci Alucci ,2.4,(6 Opiniões),Bar,Contemporânea,R$ 350," Rua Vitório Fasano, 35, Cerqueira César, Jardim Paulista, São Paulo"
221,Burger Joint ,2.4,(4 Opiniões),Refeições casuais,"Hamburgueria, Americana",R$ 60," Rua Bela Cintra, 2116, Consolação, São Paulo"
222,The Sailor ,2.3,(6 Opiniões),Pub,"Internacional, Comida de bar",R$ 80," Avenida Brigadeiro Faria Lima, 2776, Pinheiros, São Paulo"
223,Wall Street Bar ,2.2,(7 Opiniões),Bar,"Comida de bar, Brasileira",R$ 70," Rua Jerônimo Veiga, 149, Itaim Bibi, São Paulo"
224,Numero ,2.1,(4 Opiniões),Bar,"Brasileira, Comida de bar",R$ 180," Rua da Consolação, 3585, Cerqueira César, Jardim Paulista, São Paulo"
225,Tan Tan Noodle Bar ,,,Refeições casuais,"Japonesa, Asiática",R$ 80," Rua Fradique Coutinho, 153, Pinheiros, São Paulo"
226,Ruella ,,,Refeições casuais,Francesa,R$ 120," Rua Vupabuçu, 199, Pinheiros, São Paulo"
227,Manioca ,,,Refeições casuais,Brasileira,R$ 150," Shopping Iguatemi, Avenida Brigadeiro Faria Lima, 2.232, Pinheiros, São Paulo"
228,Izakaya Matsu ,,,Refeições casuais,Japonesa,," Rua Pedroso de Moraes, 403, Pinheiros, São Paulo"
229,Dona Conceição ,,,Refeições casuais,Brasileira,R$ 70," Rua Lisboa, 177, Pinheiros, São Paulo"
230,Mano Sanduíches ,,,Refeições rápidas,"Gourmet fast food, Hamburgueria, Sandwich",R$ 60," Rua Ferreira de Araújo, 381, Pinheiros, São Paulo"
231,Hamatyo ,,,Refeições casuais,"Sushi, Japonesa",R$ 150," Avenida Pedroso de Morais, 393, Pinheiros, São Paulo"
232,Applebee's ,,,Refeições casuais,Americana,R$ 130," Shopping Eldorado - Piso Térreo, Avenida Rebouças, 3970, Pinheiros, São Paulo"
233,Ella ,,,Refeições casuais,Italiana,R$ 110," Rua Costa Carvalho, 138, Pinheiros, São Paulo"
234,Lilu ,,,Refeições casuais,"Contemporânea, Autor, Italiana",R$ 120," Rua Francisco Leitão, 269, Pinheiros, São Paulo"
235,Starbucks Coffee ,,,Café,Pastelaria,R$ 40," Shopping Eldorado - Pisos 3, Avenida Rebouças, 3970, Pinheiros, São Paulo 10000"
236,Bar do Juarez ,,,Bar,"Brasileira, Comida de bar",R$ 120," Rua Deputado Lacerda Franco, 642, Pinheiros, São Paulo"
237,Teus ,,,Refeições de luxo,Contemporânea,R$ 200," Rua Natingui, 1548, Pinheiros, São Paulo"
238,Sala Especial ,,,Bar,"Mediterrânica, Comida saudável, Bebidas",R$ 50," Rua Deputado Lacerda Franco, 604, Pinheiros, São Paulo"
239,Le Repas Bistrot ,,,Refeições casuais,Francesa,R$ 90," Rua Ferreira de Araújo, 450, Pinheiros, São Paulo"
240,Rangetsu of Tokyo ,,,Refeições casuais,"Japonesa, Sushi",R$ 140," Avenida Rebouças, 1394, Pinheiros, São Paulo"
241,Le Pain ,,,Refeições rápidas,"Padaria, Brasileira",R$ 50," Avenida Pedroso de Morais, 1037, Pinheiros, São Paulo"
242,Cateto ,,,Bar,"Comida de bar, Bebidas",R$ 80," Rua Francisco Leitão, 272, Pinheiros, São Paulo"
243,Guarita ,,,Bar,"Bebidas, Comida de bar, Pizza",R$ 60," Rua Simão Álvares, 957, Pinheiros, São Paulo"
244,B.LEM Portuguese Bakery ,,,Café,"Sobremesa, Portuguesa",R$ 20," Rua Virgílio de Carvalho Pinto, 187, Pinheiros, São Paulo"
245,São Benedito ,,,Refeições casuais,Brasileira,R$ 160," Praça Benedito Calixto, 78, Pinheiros, São Paulo"
246,General ,,,Refeições casuais,Brasileira,R$ 130," Rua Lisboa, 35, Pinheiros, São Paulo"
247,Horta Café & Bistrô ,,,Café,"Pastelaria, Comida saudável",R$ 100," Rua Costa Carvalho, 159, Pinheiros, São Paulo"
248,Goose Island Brewhouse ,,,Bar,Bebidas,R$ 35," Rua Baltazar Carrasco, 191, Pinheiros, São Paulo"
249,Almanara ,,,Refeições casuais,Árabe,R$ 140," Shopping Iguatemi - Piso 1, Avenida Brigadeiro Faria Lima, 2232, Jardim Paulistano, Pinheiros, São Paulo 10000"
250,Gardênia Restô ,,,Refeições casuais,Nordestina,R$ 130," Praça dos Omaguás, 110, Pinheiros, São Paulo"
251,Chácara Santa Cecília ,,,Refeições casuais,Brasileira,R$ 180," Rua Ferreira de Araujo, 601, Pinheiros, São Paulo"
252,Hideki Sushi ,,,Refeições de luxo,"Sushi, Japonesa",R$ 270," Rua dos Pinheiros, 70, Pinheiros, São Paulo"
253,Chez Moná ,,,Sobremesas,Padaria,R$ 40," Rua Capitão Antônio Rosa, 394, Pinheiros, São Paulo 10000"
254,Brigadeiro Doceria & Café ,,,Café,Sobremesa,R$ 50," Rua Padre Carvalho, 91, Pinheiros, São Paulo"
255,Jelly Bread ,,,Café,Pastelaria,R$ 45," Avenida Cidade Jardim, 56/60, Pinheiros, São Paulo"
256,Ambar ,,,Bar,"Bebidas, Comida de bar",R$ 30," Rua Cunha Gago, 129, Pinheiros, São Paulo"
257,Pão ,,,Padaria,"Padaria, Pastelaria",R$ 45," Rua Mourato Coelho, 995, Pinheiros, São Paulo 10000"
258,Vecchio Torino ,,,Refeições de luxo,Italiana,R$ 400," Rua Tavares Cabral, 119, Pinheiros, São Paulo"
259,El Mariachi ,,,Refeições casuais,Mexicana,R$ 140," Rua dos Pinheiros, 412, Pinheiros, São Paulo"
260,Vila das Meninas ,,,Refeições casuais,Contemporânea,R$ 120," Rua Padre Carvalho, 139, Pinheiros, São Paulo"
261,Vila Heitor ,,,Refeições casuais,Churrasco,R$ 100," Rua Heitor Penteado, 474, Sumaré, Pinheiros, São Paulo"
262,Espaço Cultural Alberico Rodrigues ,,,Refeições rápidas,Contemporânea,R$ 40," Praça Benedito Calixto, 159, Pinheiros, São Paulo"
263,Big X Picanha ,,,Refeições rápidas,"Americana, Fast food",R$ 55," Rua Henrique Schaumann, 656, Pinheiros, São Paulo"
264,Goshala ,,,Refeições casuais,"Indiana, Vegetariana",R$ 120," Rua dos Pinheiros, 267, Pinheiros, São Paulo"
265,Lanchonete Do Izidoro ,,,Refeições rápidas,Brasileira,R$ 30," Rua Teodoro Sampaio, 2793, Pinheiros, São Paulo 10000"
266,Bona ,,,Refeições casuais,"Hamburgueria, Brasileira, Contemporânea",R$ 100," Rua Álvaro Anes, 43, Pinheiros, São Paulo"
267,Oui ,,,Refeições de luxo,"Francesa, Contemporânea",R$ 200," Rua Costa Carvalho, 72, Pinheiros, São Paulo"
268,Cantina Vico D'o Scugnizzo ,,,Refeições casuais,Italiana,R$ 180," Rua Arthur Azevedo, 773, Pinheiros, São Paulo"
269,Cantina di Salerno ,,,Refeições casuais,Italiana,R$ 150," Rua Francisco Leitão, 336, Pinheiros, São Paulo 10000"
270,Solo Cozinha e Bar ,,,Refeições casuais,Comida de bar,R$ 60," Rua Simão Alvares, 484, Pinheiros, São Paulo"
271,Rendez Vous ,,,Refeições casuais,"Francesa, Brasserie",R$ 80," Rua Fradique Coutinho, 179, Pinheiros, São Paulo"
272,Genova ,,,Refeições casuais,Italiana,R$ 120," Rua Lisboa, 346, Pinheiros, São Paulo"
273,Trentino ,,,Refeições casuais,"Brasileira, Contemporânea",R$ 65," Rua dos Pinheiros, 1397, Pinheiros, São Paulo"
274,Bubu Lounge ,,,Club,Só bebidas,R$ 100," Rua dos Pinheiros, 791, Pinheiros, São Paulo"
275,La Guapa ,,,Refeições rápidas,Sul Americana,R$ 40," Rua dos Pinheiros, 248B, Pinheiros, São Paulo"
276,Kød Steakhouse ,,,Refeições casuais,"Hamburgueria, Bifes, Churrasco",R$ 120," Rua Simão Álvares, 49, Pinheiros, São Paulo"
277,Primo Basilico ,,,Refeições casuais,"Italiana, Pizza",R$ 100," Alameda Gabriel Monteiro da Silva, 1864, Pinheiros, São Paulo 10000"
278,Chianti Chocommelier ,,,Café,Pastelaria,R$ 50," Rua Mateus Grou, 40, Pinheiros, São Paulo"
279,Mocotó Café ,,,Refeições rápidas,Brasileira,R$ 60," Mercado de Pinheiros - Box 2, Rua Pedro Cristi, 82, Pinheiros, São Paulo"
280,Sushi Show ,,,Refeições casuais,"Japonesa, Sushi",R$ 140," Rua Capote Valente, 544, Pinheiros, São Paulo"
281,KOF - King of the Fork ,,,Café,Pastelaria,R$ 30," Rua Artur Azevedo, 1317, Pinheiros, São Paulo"
282,Comedoria Gonzales ,,,Refeições rápidas,"Peruana, Sul Americana",R$ 50," Mercado de Pinheiros - Box 85, Rua Pedro Cristi, 31-71, Pinheiros, São Paulo"
283,Guilhotina ,,,Bar de cocktails,"Bebidas, Comida de bar, Sandwich",R$ 70," Rua Costa Carvalho, 84, Pinheiros, São Paulo"
284,Doceira Húngara ,,,Refeições rápidas,"Húngara, Sobremesa",R$ 60," Rua Maria Carolina, 714, Pinheiros, São Paulo 10000"
285,Aro 27 Bike Café ,,,Café,Pastelaria,R$ 25," Rua Eugênio de Medeiros, 445, Pinheiros, São Paulo"
286,Casa Café ,,,Refeições casuais,"Comida de bar, Brasileira",R$ 120," Rua Mourato Coelho, 25, Pinheiros, São Paulo"
287,Cozinha 212 ,,,Refeições de luxo,Contemporânea,R$ 120," Rua dos Pinheiros, 174, Pinheiros, São Paulo"
288,Canaille Bar ,,,Bar,"Bebidas, Francesa",R$ 100," Rua Cristiano Viana, 390, Pinheiros, São Paulo"
289,Bar Secreto ,,,Bar,Só bebidas,R$ 170," Rua Álvaro Anes, 97, Pinheiros, São Paulo"
290,Gi ,,,Refeições casuais,"Brasileira, Italiana",R$ 120," Rua Bianchi Bertoldi, 147, Pinheiros, São Paulo 10000"
291,Tasca do Zé e da Maria ,,,Refeições casuais,Portuguesa,R$ 200," Rua dos Pinheiros, 434, Pinheiros, São Paulo"
292,Casa Ravioli ,,,Refeições de luxo,Italiana,R$ 200," Rua Joaquim Antunes, 197, Pinheiros, São Paulo"
293,Folha d'Louro ,,,Refeições rápidas,Brasileira,R$ 40," Shopping Vitrine Iguatemi, Avenida Brigadeiro Faria Lima, 1795, Pinheiros, São Paulo"
294,Sushi Hall ,,,Refeições casuais,Japonesa,R$ 130," Rua Fradique Coutinho, 53, Pinheiros, São Paulo"
295,Get Your Beer ,,,Refeições rápidas,Comida de bar,," Rua dos Pinheiros, 735, Pinheiros, São Paulo"
296,Izakaya Taka Daru ,,,Bar,Japonesa,R$ 60," Rua Costa Carvalho, 236, Pinheiros, São Paulo"
297,Fogazzaria Jardins ,,,Refeições casuais,"Pizza, Italiana",R$ 50," Avenida Brigadeiro Faria Lima, 1795, Loja 31, Pinheiros, São Paulo"
298,Shinju ,,,Refeições casuais,"Japonesa, Brasileira",R$ 140," Rua Pedroso de Morais, 793, Pinheiros, São Paulo"
299,La Pasta e Formaggio Ristorante ,,,Refeições casuais,Italiana,R$ 100," Shopping Eldorado - Piso Térreo, Avenida Rebouças, 3970, Pinheiros, São Paulo"
